学号,姓名,年级,班级
20260201,陈思源,初二,2班
20260202,李雨桐,初二,2班
20260203,王浩然,初二,2班
20260204,张梓萱,初二,2班
20260205,刘子墨,初二,2班
20260206,赵欣怡,初二,2班
20260207,孙嘉豪,初二,2班
20260208,周诗涵,初二,2班
20260209,吴宇航,初二,2班
20260210,郑梦琪,初二,2班
20260211,冯俊杰,初二,2班
20260212,黄若曦,初二,2班
20260213,徐天佑,初二,2班
20260214,马晓琳,初二,2班
20260215,朱博文,初二,2班
20260216,胡静怡,初二,2班
20260217,郭明轩,初二,2班
20260218,何雅婷,初二,2班
20260219,高志强,初二,2班
20260220,林佳悦,初二,2班
20260221,罗成宇,初二,2班
20260222,宋婉清,初二,2班
20260223,谢宗翰,初二,2班
20260224,唐悦然,初二,2班
20260225,韩鹏飞,初二,2班
20260226,冯雪儿,初二,2班
20260227,曹睿哲,初二,2班
20260228,彭语嫣,初二,2班
20260229,曾宪达,初二,2班
20260230,萧芷若,初二,2班
